Robert,Smith,Male
Andrew,Johnson,Male
William,Miller,Male
Chris,Miller,Male
Mary,Taylor,Female
Robert,Brown,Male
William,Williams,Male
Karen,Moore,Female
Mark,Johnson,Male
Jennifer,Anderson,Female
Susan,Thompson,Female
Patricia,Thomas,Female
Elizabeth,Jackson,Female
John,Brown,Male
Jennifer,Harris,Female
Paul,Johnson,Male
James,Garcia,Male
Linda,Anderson,Female
Andrew,Davis,Male
James,Davis,Male
Patricia,Taylor,Female
James,Brown,Male
Sarah,King,Female
Susan,Jackson,Female
Linda,Moore,Female
Mary,King,Female
Elizabeth,Taylor,Female
Paul,Hernandez,Male
Linda,Thompson,Female
John,Smith,Male
Nancy,White,Female
Jennifer,Moore,Female
Michael,Miller,Male
Michael,Garcia,Male
Michael,Jones,Male
Jessica,Thompson,Female
Mary,Thompson,Female
Elizabeth,Thompson,Female
Nancy,Moore,Female
Michael,Hernandez,Male
Susan,Moore,Female
James,Hernandez,Male
Jessica,Taylor,Female
Nancy,King,Female
Mark,Miller,Male
Susan,Moore,Female
William,Hernandez,Male
Chris,Davis,Male
William,Hernandez,Male
Chris,Hernandez,Male
Michael,Davis,Male
Nancy,Anderson,Female
Robert,Johnson,Male
David,Brown,Male
Paul,Miller,Male
Patricia,Martin,Female
Andrew,Garcia,Male
David,Smith,Male
Jessica,King,Female
Robert,Jones,Male
Jennifer,Anderson,Female
Karen,Anderson,Female
Elizabeth,Taylor,Female
William,Garcia,Male
Jessica,Anderson,Female
James,Johnson,Male
Jennifer,Anderson,Female
William,Davis,Male
James,Jones,Male
Karen,Taylor,Female
Paul,Johnson,Male
Andrew,Hernandez,Male
Nancy,Jackson,Female
Elizabeth,Anderson,Female
Mark,Davis,Male
Nancy,Thompson,Female
Nancy,King,Female
Michael,Garcia,Male
Jennifer,Thompson,Female
Patricia,White,Female
Elizabeth,Moore,Female
Sarah,Martin,Female
Sarah,Thomas,Female
Patricia,Taylor,Female
Linda,Jackson,Female
Jennifer,Thomas,Female
Jennifer,Taylor,Female
Patricia,Harris,Female
Elizabeth,Moore,Female
Paul,Hernandez,Male
James,Williams,Male
Chris,Miller,Male
Jennifer,Anderson,Female
Karen,Thompson,Female
Mary,Anderson,Female
James,Williams,Male
Mary,Harris,Female
Paul,Garcia,Male
Elizabeth,Harris,Female
Jennifer,King,Female
Jessica,Moore,Female
James,Davis,Male
David,Johnson,Male
Mary,King,Female
Linda,Jackson,Female
Sarah,Moore,Female
William,Davis,Male
Jennifer,King,Female
Chris,Jones,Male
Andrew,Williams,Male
Nancy,Martin,Female
Susan,King,Female
Mary,Harris,Female
Andrew,Williams,Male
David,Johnson,Male
Patricia,Thomas,Female
John,Garcia,Male
Karen,Harris,Female
Susan,Martin,Female
Michael,Brown,Male
Andrew,Brown,Male
Chris,Miller,Male
Mark,Brown,Male
Karen,Thompson,Female
Elizabeth,Thompson,Female
Chris,Williams,Male
Susan,Martin,Female
Sarah,Anderson,Female
Andrew,Davis,Male
Andrew,Johnson,Male
Patricia,Harris,Female
Michael,Hernandez,Male
John,Smith,Male
David,Jones,Male
William,Johnson,Male
Sarah,Thomas,Female
Chris,Martinez,Male
Elizabeth,King,Female
Linda,King,Female
James,Hernandez,Male
Sarah,White,Female
Andrew,Smith,Male
Robert,Johnson,Male
Nancy,Thompson,Female
Patricia,White,Female
Michael,Hernandez,Male
Paul,Garcia,Male
David,Garcia,Male
Susan,King,Female
James,Hernandez,Male
Nancy,Taylor,Female
William,Smith,Male
Mary,Martin,Female
Nancy,Martin,Female
Michael,Garcia,Male
Sarah,White,Female
Mark,Williams,Male
Michael,Jones,Male
Robert,Garcia,Male
Jennifer,King,Female
Susan,Harris,Female
James,Davis,Male
Susan,Jackson,Female
Jessica,Thompson,Female
Karen,Taylor,Female
John,Davis,Male
Elizabeth,King,Female
James,Smith,Male
James,Miller,Male
John,Garcia,Male
Linda,Anderson,Female
Mark,Johnson,Male
Jessica,Moore,Female
Mark,Williams,Male
Patricia,White,Female
Michael,Hernandez,Male
Sarah,Harris,Female
Elizabeth,White,Female
David,Jones,Male
David,Martinez,Male
Paul,Brown,Male
John,Johnson,Male
Elizabeth,King,Female
Nancy,Jackson,Female
Michael,Williams,Male
William,Miller,Male
Chris,Williams,Male
Chris,Brown,Male
Karen,King,Female
Jennifer,Jackson,Female
William,Martinez,Male
Robert,Johnson,Male
Jennifer,Anderson,Female
James,Martinez,Male
Chris,Jones,Male
Paul,Martinez,Male
David,Davis,Male
David,Jones,Male
David,Smith,Male
Robert,Martinez,Male
David,Miller,Male
John,Martinez,Male
Jessica,White,Female
Paul,Williams,Male
Patricia,Martin,Female
Mary,Harris,Female
Elizabeth,Jackson,Female
David,Miller,Male
Andrew,Davis,Male
Mark,Martinez,Male
John,Miller,Male
Jessica,Taylor,Female
Mark,Jones,Male
James,Miller,Male
Robert,Martinez,Male
Chris,Johnson,Male
William,Davis,Male
John,Garcia,Male
Nancy,Jackson,Female
William,Johnson,Male
Jessica,Thomas,Female
John,Williams,Male
Patricia,Martin,Female
Andrew,Brown,Male
Jennifer,Moore,Female
Patricia,Moore,Female
Sarah,Thompson,Female
Michael,Brown,Male
Chris,Martinez,Male
Patricia,King,Female
Mark,Johnson,Male
Andrew,Brown,Male
Nancy,Taylor,Female
Michael,Brown,Male
Jennifer,Thomas,Female
Jennifer,King,Female
Paul,Martinez,Male
Mark,Jones,Male
Nancy,Thomas,Female
Jennifer,Taylor,Female
Paul,Garcia,Male
Chris,Brown,Male
Chris,Williams,Male
Michael,Johnson,Male
Mary,Taylor,Female
Mary,Jackson,Female
Sarah,White,Female
Andrew,Hernandez,Male
John,Garcia,Male
Paul,Jones,Male
Patricia,Taylor,Female
John,Smith,Male
Jennifer,Harris,Female
Elizabeth,Thomas,Female
Nancy,Thompson,Female
Mary,Moore,Female
Chris,Brown,Male
Jennifer,Anderson,Female
Elizabeth,Thomas,Female
Robert,Hernandez,Male
Andrew,Smith,Male
Jennifer,Thomas,Female
Chris,Brown,Male
Mark,Brown,Male
Patricia,Moore,Female
Karen,White,Female
Paul,Smith,Male
Nancy,Thompson,Female
Mark,Miller,Male
Jessica,Harris,Female
Nancy,Anderson,Female
Karen,Anderson,Female
Linda,Martin,Female
Sarah,Anderson,Female
Nancy,Thomas,Female
Susan,Martin,Female
Mark,Brown,Male
Chris,Miller,Male
Mary,Taylor,Female
Sarah,Moore,Female
Linda,Anderson,Female
Chris,Brown,Male
Michael,Williams,Male
Chris,Hernandez,Male
Jennifer,Anderson,Female
Michael,Brown,Male
Robert,Brown,Male
Nancy,White,Female
Mark,Smith,Male
Robert,Smith,Male
Jennifer,Taylor,Female
Karen,Moore,Female
Michael,Martinez,Male
Chris,Johnson,Male
Patricia,Jackson,Female
William,Jones,Male
Mary,Martin,Female
Chris,Garcia,Male
John,Garcia,Male
James,Martinez,Male
Karen,Jackson,Female
John,Jones,Male
Karen,Thompson,Female
Jessica,Anderson,Female
William,Williams,Male
James,Garcia,Male
Susan,Harris,Female
Paul,Brown,Male
Robert,Martinez,Male
James,Johnson,Male
Linda,Moore,Female
James,Johnson,Male
Susan,Anderson,Female
James,Brown,Male
Jessica,White,Female
Chris,Hernandez,Male
Linda,Martin,Female
Mark,Johnson,Male
Nancy,Thompson,Female
Susan,Taylor,Female
Mary,Thompson,Female
Mark,Davis,Male
James,Brown,Male
Chris,Brown,Male
David,Johnson,Male
Jessica,Thompson,Female
Elizabeth,Moore,Female
James,Garcia,Male
William,Hernandez,Male
Andrew,Martinez,Male
William,Jones,Male
Patricia,King,Female
Mark,Hernandez,Male
Linda,Thompson,Female
John,Hernandez,Male
Nancy,King,Female
David,Martinez,Male
Patricia,Anderson,Female
Nancy,Taylor,Female
Andrew,Smith,Male
Paul,Smith,Male
James,Martinez,Male
Robert,Martinez,Male
Andrew,Johnson,Male
Linda,King,Female
Mary,White,Female
Andrew,Davis,Male
David,Davis,Male
Paul,Brown,Male
Elizabeth,Martin,Female
Susan,Martin,Female
Paul,Hernandez,Male
Andrew,Smith,Male
Nancy,Harris,Female
John,Brown,Male
Michael,Smith,Male
David,Martinez,Male
Karen,Jackson,Female
Michael,Davis,Male
Nancy,King,Female
Karen,Martin,Female
James,Brown,Male
Robert,Hernandez,Male
Chris,Davis,Male
Jennifer,Anderson,Female
William,Hernandez,Male
Chris,Smith,Male
Mark,Jones,Male
Chris,Hernandez,Male
Jessica,Thompson,Female
Nancy,Jackson,Female
Patricia,Harris,Female
Mark,Garcia,Male
James,Davis,Male
William,Johnson,Male
Susan,Thomas,Female
Michael,Garcia,Male
Susan,Harris,Female
James,Martinez,Male
William,Jones,Male
Chris,Miller,Male
William,Brown,Male
Nancy,White,Female
Nancy,Martin,Female
Paul,Miller,Male
David,Brown,Male
James,Miller,Male
Susan,Anderson,Female
Linda,Taylor,Female
Susan,White,Female
Mark,Davis,Male
Robert,Johnson,Male
David,Davis,Male
Mary,Moore,Female
Susan,Moore,Female
Robert,Jones,Male
William,Brown,Male
Elizabeth,Harris,Female
Jessica,Thompson,Female
John,Davis,Male
Jessica,Harris,Female
Paul,Martinez,Male
Patricia,Harris,Female
Chris,Martinez,Male
John,Miller,Male
Nancy,King,Female
Andrew,Hernandez,Male
Linda,King,Female
Robert,Smith,Male
Andrew,Williams,Male
Linda,Martin,Female
Susan,Thompson,Female
Mark,Hernandez,Male
Paul,Hernandez,Male
David,Miller,Male
Sarah,Thompson,Female
John,Williams,Male
Andrew,Hernandez,Male
Paul,Miller,Male
Mark,Johnson,Male
Jessica,Thomas,Female
Sarah,Harris,Female
Mary,Thomas,Female
William,Martinez,Male
William,Garcia,Male
Linda,Jackson,Female
Karen,Jackson,Female
Susan,King,Female
Mary,Moore,Female
Michael,Brown,Male
Michael,Williams,Male
Patricia,Martin,Female
Andrew,Miller,Male
Jessica,Jackson,Female
Mary,Anderson,Female
Mark,Miller,Male
Elizabeth,Anderson,Female
Jessica,White,Female
Paul,Smith,Male
Susan,Taylor,Female
Patricia,Moore,Female
William,Garcia,Male
Linda,Martin,Female
Paul,Miller,Male
Chris,Johnson,Male
Sarah,King,Female
Linda,Taylor,Female
David,Davis,Male
Michael,Hernandez,Male
David,Johnson,Male
Linda,Moore,Female
Karen,Jackson,Female
Nancy,White,Female
Elizabeth,Thomas,Female
William,Garcia,Male
Linda,Taylor,Female
James,Miller,Male
Mary,Moore,Female
Jessica,Jackson,Female
Patricia,Thompson,Female
Nancy,Martin,Female
Elizabeth,King,Female
Chris,Martinez,Male
Chris,Garcia,Male
Chris,Hernandez,Male
Elizabeth,Jackson,Female
Mark,Johnson,Male
Susan,Anderson,Female
Karen,Martin,Female
Nancy,Martin,Female
Chris,Brown,Male
Mary,Taylor,Female
Linda,Thomas,Female
Patricia,Jackson,Female
Mary,Thomas,Female
Chris,Johnson,Male
David,Martinez,Male
William,Hernandez,Male
Jennifer,Jackson,Female
Patricia,Thomas,Female
Andrew,Jones,Male
Nancy,King,Female
Jennifer,Thompson,Female
Chris,Davis,Male
Paul,Martinez,Male
Mary,White,Female
David,Martinez,Male
Jennifer,Thomas,Female
John,Jones,Male
Paul,Martinez,Male
Karen,Anderson,Female
William,Williams,Male
Jessica,Jackson,Female
Jessica,Anderson,Female
John,Johnson,Male
Nancy,Moore,Female
Jessica,Jackson,Female
Elizabeth,Taylor,Female
Sarah,Anderson,Female
Robert,Davis,Male
Jessica,Jackson,Female
James,Martinez,Male
Michael,Miller,Male
John,Davis,Male
William,Jones,Male
Jessica,Jackson,Female
John,Garcia,Male
Karen,Anderson,Female
Susan,Jackson,Female
Patricia,King,Female
Susan,Moore,Female
John,Hernandez,Male
Sarah,King,Female
Jessica,Taylor,Female
Nancy,Jackson,Female
Robert,Jones,Male
Linda,Jackson,Female
Chris,Brown,Male
Patricia,Harris,Female
Sarah,White,Female
Jennifer,Thomas,Female
James,Garcia,Male
William,Johnson,Male
William,Garcia,Male
Sarah,Jackson,Female
Nancy,White,Female
William,Smith,Male
Robert,Martinez,Male
Karen,King,Female
Nancy,Anderson,Female
Patricia,Harris,Female
Patricia,Taylor,Female
Paul,Williams,Male
Nancy,Martin,Female
Jennifer,Jackson,Female
Linda,Thompson,Female
Mary,Taylor,Female
David,Smith,Male
Michael,Jones,Male
Robert,Johnson,Male
Sarah,King,Female
Robert,Hernandez,Male
Karen,Martin,Female
William,Davis,Male
James,Garcia,Male
Nancy,Martin,Female
John,Brown,Male
Susan,Thomas,Female
James,Garcia,Male
Sarah,Harris,Female
Jennifer,King,Female
Robert,Hernandez,Male
Robert,Davis,Male
Patricia,Jackson,Female
Sarah,White,Female
Mark,Johnson,Male
Karen,Thomas,Female
Nancy,Martin,Female
David,Brown,Male
Paul,Martinez,Male
Paul,Miller,Male
Linda,Thompson,Female
Karen,White,Female
Robert,Johnson,Male
David,Johnson,Male
David,Jones,Male
Susan,Jackson,Female
Linda,Thomas,Female
John,Jones,Male
Michael,Jones,Male
Robert,Hernandez,Male
Chris,Brown,Male
Nancy,Moore,Female
William,Miller,Male
Linda,King,Female
Jennifer,White,Female
Nancy,Jackson,Female
Chris,Martinez,Male
Patricia,Thompson,Female
Paul,Davis,Male
Robert,Hernandez,Male
Robert,Johnson,Male
Sarah,Taylor,Female
Nancy,Moore,Female
Jennifer,Thompson,Female
Andrew,Williams,Male
Andrew,Davis,Male
Jennifer,Anderson,Female
Karen,Moore,Female
Sarah,Taylor,Female
Sarah,Martin,Female
Chris,Davis,Male
Sarah,Harris,Female
Robert,Jones,Male
Patricia,Martin,Female
Mark,Jones,Male
Susan,Thompson,Female
Karen,Anderson,Female
Elizabeth,Thomas,Female
Elizabeth,Jackson,Female
Michael,Martinez,Male
Jennifer,King,Female
Robert,Davis,Male
Paul,Johnson,Male
Patricia,Taylor,Female
James,Smith,Male
Sarah,Anderson,Female
Mark,Miller,Male
Mary,White,Female
Michael,Jones,Male
Elizabeth,Thomas,Female
Robert,Johnson,Male
Karen,Martin,Female
Jessica,Jackson,Female
Nancy,Anderson,Female
Robert,Garcia,Male
Andrew,Hernandez,Male
Linda,Anderson,Female
Patricia,King,Female
James,Miller,Male
Patricia,King,Female
David,Jones,Male
Sarah,King,Female
William,Martinez,Male
Chris,Miller,Male
Sarah,Thompson,Female
Linda,Taylor,Female
Sarah,Moore,Female
Chris,Johnson,Male
John,Smith,Male
James,Johnson,Male
Patricia,King,Female
Jessica,Martin,Female
Robert,Smith,Male
Michael,Williams,Male
Sarah,Thompson,Female
Karen,Harris,Female
Patricia,Moore,Female
Andrew,Hernandez,Male
Chris,Brown,Male
Susan,Moore,Female
Nancy,Anderson,Female
Jennifer,Jackson,Female
Linda,White,Female
Robert,Johnson,Male
Andrew,Hernandez,Male
Andrew,Jones,Male
James,Davis,Male
John,Williams,Male
Paul,Jones,Male
Patricia,Moore,Female
Sarah,Taylor,Female
Mary,Moore,Female
Karen,Anderson,Female
Mary,Moore,Female
Linda,King,Female
William,Hernandez,Male
William,Brown,Male
William,Williams,Male
Susan,Harris,Female
Michael,Garcia,Male
John,Johnson,Male
Mary,Thompson,Female
Elizabeth,Harris,Female
Robert,Brown,Male
Michael,Garcia,Male
David,Smith,Male
Paul,Davis,Male
Elizabeth,King,Female
Robert,Williams,Male
Linda,Thompson,Female
Jessica,White,Female
Robert,Johnson,Male
Jessica,King,Female
Jessica,Thompson,Female
Mark,Garcia,Male
Elizabeth,King,Female
Karen,King,Female
Mark,Jones,Male
William,Smith,Male
Jessica,Jackson,Female
Michael,Davis,Male
Karen,Jackson,Female
Mark,Brown,Male
Andrew,Johnson,Male
Andrew,Miller,Male
Jessica,Taylor,Female
Karen,Jackson,Female
William,Miller,Male
Chris,Garcia,Male
David,Smith,Male
Paul,Garcia,Male
Robert,Miller,Male
Linda,Moore,Female
Robert,Hernandez,Male
Andrew,Martinez,Male
Karen,Taylor,Female
Paul,Hernandez,Male
David,Martinez,Male
Nancy,Taylor,Female
Chris,Brown,Male
Mark,Miller,Male
Susan,Thompson,Female
Linda,Martin,Female
John,Garcia,Male
Linda,Taylor,Female
Patricia,King,Female
Nancy,Thomas,Female
Susan,Thomas,Female
John,Davis,Male
James,Jones,Male
Mary,Martin,Female
Linda,Harris,Female
Linda,Taylor,Female
Nancy,Moore,Female
Paul,Smith,Male
Paul,Miller,Male
Sarah,Anderson,Female
Paul,Davis,Male
Mark,Garcia,Male
Nancy,Taylor,Female
James,Martinez,Male
Michael,Martinez,Male
Mark,Miller,Male
Linda,White,Female
John,Garcia,Male
David,Jones,Male
James,Hernandez,Male
Mary,White,Female
John,Martinez,Male
John,Smith,Male
Jennifer,Thompson,Female
Karen,King,Female
Jennifer,Martin,Female
Linda,Thompson,Female
John,Martinez,Male
David,Martinez,Male
Patricia,Thomas,Female
Linda,Thomas,Female
Paul,Brown,Male
John,Martinez,Male
Patricia,Anderson,Female
Jennifer,Moore,Female
Karen,White,Female
William,Williams,Male
Robert,Garcia,Male
John,Smith,Male
Patricia,White,Female
Jennifer,Harris,Female
David,Hernandez,Male
Patricia,Martin,Female
Chris,Brown,Male
John,Johnson,Male
Mark,Johnson,Male
Sarah,White,Female
James,Smith,Male
William,Davis,Male
Sarah,Thompson,Female
Linda,Martin,Female
Elizabeth,Thomas,Female
James,Brown,Male
Robert,Smith,Male
Elizabeth,Moore,Female
Sarah,Taylor,Female
Mark,Martinez,Male
Elizabeth,Anderson,Female
Jessica,White,Female
Paul,Brown,Male
Sarah,Thomas,Female
Karen,Thomas,Female
Chris,Williams,Male
Sarah,Jackson,Female
Mary,King,Female
Mary,Jackson,Female
Mark,Garcia,Male
John,Williams,Male
Patricia,Harris,Female
Michael,Davis,Male
Robert,Garcia,Male
Patricia,Martin,Female
Paul,Williams,Male
Paul,Jones,Male
Andrew,Johnson,Male
Mark,Smith,Male
Michael,Jones,Male
Susan,Jackson,Female
Robert,Johnson,Male
James,Brown,Male
James,Jones,Male
Linda,Thomas,Female
Patricia,Moore,Female
Linda,Taylor,Female
Mark,Johnson,Male
Michael,Martinez,Male
William,Williams,Male
Jessica,Thomas,Female
Linda,King,Female
David,Johnson,Male
Jennifer,Martin,Female
Sarah,Thomas,Female
Chris,Smith,Male
Andrew,Garcia,Male
Mark,Williams,Male
Mary,Thomas,Female
David,Williams,Male
Jennifer,Harris,Female
Michael,Davis,Male
John,Martinez,Male
William,Jones,Male
Sarah,Harris,Female
Andrew,Jones,Male
Patricia,Taylor,Female
Robert,Jones,Male
Susan,King,Female
Karen,King,Female
Jessica,Taylor,Female
Andrew,Davis,Male
Michael,Smith,Male
Mary,Harris,Female
Susan,Martin,Female
Chris,Jones,Male
Mark,Miller,Male
Susan,King,Female
Robert,Smith,Male
David,Brown,Male
Robert,Smith,Male
William,Brown,Male
Michael,Smith,Male
Elizabeth,Moore,Female
Patricia,Martin,Female
Susan,Harris,Female
Nancy,Jackson,Female
Jennifer,Martin,Female
John,Miller,Male
Robert,Davis,Male
Karen,Moore,Female
Jennifer,Moore,Female
Patricia,Taylor,Female
William,Hernandez,Male
Paul,Garcia,Male
James,Smith,Male
Patricia,Thompson,Female
Robert,Garcia,Male
Karen,Moore,Female
Jessica,Taylor,Female
Jessica,Jackson,Female
John,Hernandez,Male
Elizabeth,Jackson,Female
Michael,Miller,Male
Paul,Brown,Male
Chris,Garcia,Male
Susan,Martin,Female
Andrew,Smith,Male
Linda,White,Female
John,Jones,Male
Jennifer,Jackson,Female
Michael,Davis,Male
Chris,Jones,Male
Robert,Johnson,Male
Robert,Jones,Male
Elizabeth,Martin,Female
John,Williams,Male
Robert,Hernandez,Male
Jessica,Harris,Female
Karen,Thomas,Female
Michael,Miller,Male
Susan,White,Female
Sarah,Thomas,Female
Jessica,Harris,Female
Chris,Garcia,Male
Mark,Miller,Male
Andrew,Brown,Male
Nancy,Taylor,Female
Sarah,Taylor,Female
Paul,Hernandez,Male
Robert,Hernandez,Male
Mary,King,Female
Jennifer,Jackson,Female
Patricia,Thomas,Female
Sarah,Moore,Female
Mary,Martin,Female
Chris,Davis,Male
Patricia,Harris,Female
David,Martinez,Male
William,Davis,Male
John,Johnson,Male
Chris,Martinez,Male
Andrew,Garcia,Male
Mary,Martin,Female
Karen,Thompson,Female
Robert,Williams,Male
Sarah,Thompson,Female
Elizabeth,Taylor,Female
Sarah,King,Female
Michael,Martinez,Male
Jennifer,Moore,Female
Mary,Thomas,Female
Susan,Thompson,Female
William,Martinez,Male
Jennifer,Harris,Female
Jennifer,Anderson,Female
Patricia,Thompson,Female
Robert,Hernandez,Male
Mary,Moore,Female
Jessica,White,Female
Nancy,Anderson,Female
Karen,Taylor,Female
Linda,King,Female
James,Garcia,Male
Karen,White,Female
Chris,Martinez,Male
Susan,King,Female
Karen,Jackson,Female
Linda,Martin,Female
Susan,Taylor,Female
David,Williams,Male
Linda,Taylor,Female
Karen,Moore,Female
Elizabeth,Jackson,Female
Paul,Brown,Male
Robert,Smith,Male
Paul,Davis,Male
Chris,Smith,Male
Linda,Taylor,Female
Nancy,Moore,Female
Susan,Moore,Female
David,Smith,Male
Michael,Miller,Male
Patricia,King,Female
John,Brown,Male
Robert,Garcia,Male
John,Martinez,Male
Nancy,King,Female
Sarah,Martin,Female
Michael,Brown,Male
Mary,Jackson,Female
Elizabeth,Martin,Female
James,Johnson,Male
Michael,Brown,Male
Chris,Williams,Male
Paul,Williams,Male
Susan,Anderson,Female
Mark,Davis,Male
Jessica,Jackson,Female
Robert,Jones,Male
Nancy,White,Female
Robert,Smith,Male
Susan,Harris,Female
Chris,Davis,Male
Susan,White,Female
Patricia,Martin,Female
Mark,Johnson,Male
Elizabeth,Jackson,Female
Karen,Moore,Female
James,Smith,Male
Sarah,Thomas,Female
Sarah,Thompson,Female
Michael,Garcia,Male
Chris,Martinez,Male
Jessica,King,Female
James,Brown,Male
David,Miller,Male
Susan,Moore,Female
Linda,Moore,Female
Michael,Hernandez,Male
Linda,Thompson,Female
Robert,Garcia,Male
Michael,Miller,Male
David,Garcia,Male
Paul,Johnson,Male
Patricia,White,Female
Paul,Martinez,Male
Paul,Garcia,Male
Michael,Hernandez,Male
John,Brown,Male
John,Smith,Male
Jennifer,King,Female
Chris,Martinez,Male
Susan,White,Female
Karen,Moore,Female
William,Smith,Male
Mary,Taylor,Female
David,Brown,Male
John,Johnson,Male
Michael,Miller,Male
Michael,Davis,Male
Patricia,Thompson,Female
Sarah,King,Female
William,Williams,Male
Elizabeth,Thomas,Female
James,Johnson,Male
Mark,Davis,Male
Paul,Jones,Male
John,Williams,Male
James,Miller,Male
Linda,Anderson,Female
James,Davis,Male
Nancy,Thomas,Female
Nancy,Moore,Female
Nancy,White,Female
